{
  "epochs_trained": 100,
  "loss_history": [
    0.031209530604995445,
    0.031196456894504537,
    0.03118396228984014,
    0.0311703867674513,
    0.031158432759496552,
    0.031145124615824714,
    0.03113262647534935,
    0.031118891582820392,
    0.031106505583422296,
    0.031093367823072277,
    0.031080190368020073,
    0.031066415528474556,
    0.03105301756526745,
    0.031039422959046416,
    0.031025621286986948,
    0.03101117403741349,
    0.030997786295861317,
    0.03098326248105101,
    0.03096839899507012,
    0.030953843342861217,
    0.030939141092588152,
    0.030924477561369196,
    0.030908958700964828,
    0.03089395066904426,
    0.03087754203026109,
    0.030862258594272714,
    0.030845875428525817,
    0.03082996166396933,
    0.030813598195792304,
    0.030796822869203298,
    0.03077996339674291,
    0.030762706528160582,
    0.03074529128456995,
    0.030727510010262474,
    0.030709256477961824,
    0.030691643618144655,
    0.030673677142647144,
    0.03065474095674442,
    0.03063571574380738,
    0.03061657940051187,
    0.03059774387830471,
    0.030578474973515457,
    0.03055917236965664,
    0.030539521410239072,
    0.030520694859805186,
    0.03050157145030064,
    0.030481537982770805,
    0.030463642182576793,
    0.030443607629802874,
    0.03042520028314939,
    0.030406702613306063,
    0.0303878489152088,
    0.030371334646812884,
    0.03035409822738554,
    0.030337508221324454,
    0.030322682426143516,
    0.030307239297072103,
    0.030294425924363152,
    0.030281214816028166,
    0.03026760134662825,
    0.03025800486535582,
    0.030246903053114668,
    0.030237607364192075,
    0.0302291040671171,
    0.030220931670609005,
    0.030213765986556007,
    0.030208422118509538,
    0.030203575013150855,
    0.030198502303179057,
    0.030192905902535223,
    0.03018994427336746,
    0.03018640853789982,
    0.030182113886078252,
    0.03017893430453464,
    0.030175214601684534,
    0.030171864844807987,
    0.030170467153686452,
    0.030167380597239758,
    0.03016290049288796,
    0.03016283220775176,
    0.0301597333814224,
    0.030158601624298856,
    0.030156502748594063,
    0.030154394820745584,
    0.030152978313693225,
    0.03015126739911127,
    0.030150730081514365,
    0.03014834726494289,
    0.030146693737269477,
    0.030145077424505763,
    0.030143351373496507,
    0.03014422579625598,
    0.030141133202773725,
    0.030140226307932956,
    0.030139472274203244,
    0.030138025504038143,
    0.030138630612858545,
    0.03013726227154963,
    0.030137106977407062,
    0.030134764389392128
  ],
  "best_loss": 0.030134764389392128,
  "indecaters": {
    "SMA": {
      "period": 11,
      "column": "close"
    },
    "BOLLINGER": {
      "period": 35,
      "num_std": 37
    },
    "ATR": {
      "period": 30
    },
    "STOCHASTIC_OSCILLATOR": {
      "period": 23,
      "smoothing": 54
    }
  },
  "seq_len": 50,
  "pred_len": 20,
  "d_model": 256,
  "n_heads": 8,
  "dropout": 0.4,
  "hyperparams": {
    "base_lr": 1e-05,
    "batch_size": 150,
    "weight_decay": 0.0001
  }
}