{
  "epochs_trained": 100,
  "loss_history": [
    0.03284401780981388,
    0.03280752116985502,
    0.03277122851226194,
    0.03273446188241518,
    0.03269670600344767,
    0.03265819989302193,
    0.032618995665300195,
    0.03257833481886821,
    0.03253681087277317,
    0.03249363159321357,
    0.032449071687374376,
    0.03240340581533411,
    0.03235616293735525,
    0.03230707538201939,
    0.032256174413334913,
    0.03220402393839218,
    0.03215042428118785,
    0.032094916412748156,
    0.032037683316206905,
    0.031979938426737506,
    0.03191995530504799,
    0.031859142101726974,
    0.03179707733110121,
    0.03173511775171152,
    0.03167202136801028,
    0.03160942341645748,
    0.031545930120864554,
    0.031485344187961437,
    0.03142332205672468,
    0.03136368198040402,
    0.03130618104313818,
    0.03125144976444212,
    0.031197065740493447,
    0.031145182866863606,
    0.03109765844211776,
    0.03105055110053013,
    0.031003730768951337,
    0.030962828799197713,
    0.030922652903874425,
    0.03088360900412364,
    0.030846343103356214,
    0.030811409329359853,
    0.03077799002968309,
    0.03074463634515928,
    0.03071479555369044,
    0.030687604558384516,
    0.030660302014409058,
    0.030634373750640712,
    0.030612595970123092,
    0.03059224818096926,
    0.030570707414426714,
    0.030553947563364336,
    0.030535905338475763,
    0.030520319597276326,
    0.03050551863818944,
    0.030492033856252817,
    0.030479777272656557,
    0.030468982640222686,
    0.030460457272918514,
    0.030450695698066098,
    0.030443274768773766,
    0.0304342750676045,
    0.030428035030120967,
    0.030421546425108432,
    0.030415194857243765,
    0.030409957924278603,
    0.030404657070607844,
    0.030401549896414314,
    0.03039684491877673,
    0.03039384484058315,
    0.030390750174265166,
    0.03038615367866607,
    0.03038374033535708,
    0.030380140652237764,
    0.030378120450363366,
    0.03037713711532107,
    0.030375164040419466,
    0.030372226956873753,
    0.030370522238096907,
    0.030370113287177584,
    0.030367466157240744,
    0.03036541356911566,
    0.030362934044267726,
    0.03036451021586765,
    0.03036161649493377,
    0.03035852605489722,
    0.030358191702888414,
    0.03035586375446103,
    0.030354765169566335,
    0.03035505420570748,
    0.030354803504809687,
    0.030352597566289902,
    0.03035307162056426,
    0.03035065145762424,
    0.030350522126263182,
    0.030350623205104635,
    0.030348413172755717,
    0.030347738643884837,
    0.03034722287517082,
    0.030346394984544264
  ],
  "val_loss_history" : [
    0.030346394984544264,
    0.030346394984544264,
    0.030346394984544264,
    0.030354765169566335,
    0.030346394984544264
  ],
  "best_loss": 0.030346394984544264,
  "indecaters": {
    "SMA": {
      "period": 24,
      "column": "min"
    },
    "EMA": {
      "period": 39,
      "column": "open"
    },
    "RSI": {
      "period": 13
    },
    "ATR": {
      "period": 6
    },
    "MACD": {
      "fast": 32,
      "slow": 17,
      "signal": 13
    },
    "STOCHASTIC_OSCILLATOR": {
      "period": 13,
      "smoothing": 37
    },
    "OBV": {},
    "MFI": {
      "period": 12
    }
  },
  "seq_len": 50,
  "pred_len": 20,
  "d_model": 128,
  "n_heads": 4,
  "dropout": 0.2,
  "hyperparams": {
    "base_lr": 1e-05,
    "batch_size": 150,
    "weight_decay": 0.0001
  }
}