{
  "epochs_trained": 76,
  "loss_history": [
    8500217549.520988,
    5965568342.163205,
    5574511472.892217,
    5386578822.384251,
    5306677026.272382,
    5270374486.116514,
    4713949088.147259,
    3722551254.686468,
    3102208945.864636,
    2664125869.842855,
    2404420964.6034813,
    2193944879.6646185,
    1978303627.6296647,
    1830181017.5866003,
    1670651062.3450656,
    1571159733.2542572,
    1475035968.838315,
    1393474318.2014601,
    1310285058.864105,
    1223075142.3677866,
    1139353610.259997,
    1073009924.7047856,
    1013467199.7122337,
    922413453.9900713,
    857706396.9810332,
    794979006.0451388,
    749035655.9015545,
    674914289.410682,
    615024872.4650162,
    572877582.3409339,
    520732539.8181768,
    488182718.4695041,
    443838407.75854087,
    432664531.04282665,
    415291768.0106187,
    390356846.2221105,
    366999001.2603664,
    362806951.5364434,
    347201899.9736691,
    342751838.0520259,
    328101282.9257075,
    317195085.92739445,
    313526890.9152661,
    300207432.64302576,
    289785200.6511248,
    284147110.81773925,
    279231870.67351276,
    273401424.9920637,
    266810781.74566203,
    259817080.05397904,
    254151090.31018257,
    246536223.6487124,
    239406232.35945097,
    233858888.85393927,
    239728012.85849226,
    227924116.35679135,
    223560028.74838528,
    216147861.61154267,
    217135570.0962908,
    223012882.76748914,
    213185860.9622377,
    212477870.45631677,
    213763669.93416217,
    215330908.43362662,
    216553698.4796079,
    217596320.98030704,
    214579003.33154008,
    218422854.87133688,
    212441267.02018243,
    214682109.99518108,
    218184759.0539713,
    216336996.2377242,
    218953352.49401483,
    224302276.10750076,
    232070178.53417712,
    220661036.62266514
  ],
  "best_loss": 212441267.02018243,
  "indecaters": {
    "EMA": {
      "period": 21,
      "column": "max"
    },
    "RSI": {
      "period": 37
    },
    "ATR": {
      "period": 5
    },
    "MACD": {
      "fast": 82,
      "slow": 7,
      "signal": 12
    },
    "STOCHASTIC_OSCILLATOR": {
      "period": 8,
      "smoothing": 46
    },
    "MFI": {
      "period": 16
    }
  },
  "seq_len": 80,
  "pred_len": 5,
  "d_model": 128,
  "n_heads": 8,
  "dropout": 0.2,
  "hyperparams": {
    "base_lr": 1e-05,
    "batch_size": 150,
    "weight_decay": 1e-05
  }
}