{
  "epochs_trained": 100,
  "loss_history": [
    0.030903374564710012,
    0.03088024409659096,
    0.03085720527206603,
    0.03083416566876085,
    0.030811531993108588,
    0.030788360362997067,
    0.030765327635762455,
    0.030741998546320308,
    0.030718228409933625,
    0.030694533933435693,
    0.030670537854582458,
    0.030646189204429276,
    0.030621634951665647,
    0.03059661816814406,
    0.030570716887036272,
    0.03054485665654085,
    0.03051835603578819,
    0.030491765033162265,
    0.030464427200300324,
    0.030436744750791042,
    0.030409008466170433,
    0.03038084304479244,
    0.030352426353200155,
    0.03032285495962982,
    0.030294546905021893,
    0.03026585460292042,
    0.030238058548786063,
    0.0302105185986745,
    0.030183845250271887,
    0.030157888819063155,
    0.03013390435367696,
    0.03011056838464234,
    0.030090253246995227,
    0.030071696512624743,
    0.03005610138382142,
    0.03004101245382088,
    0.030030447191111278,
    0.030020473294903965,
    0.030014702357321843,
    0.030007061295614573,
    0.03000267904253575,
    0.029998184181089464,
    0.02999523397811555,
    0.029992577456742615,
    0.02998982108684789,
    0.02998791421499236,
    0.029985235161600357,
    0.02998487463652827,
    0.029983188649690115,
    0.02998230106075572,
    0.02998035733529268,
    0.029980821322576637,
    0.02997840770624386,
    0.029976561819177884,
    0.029976385427650774,
    0.029976074661090143,
    0.029975468769829778,
    0.029974977431466213,
    0.029974368441593728,
    0.029973723501040987,
    0.029972532652036726,
    0.029972460615083036,
    0.02997211962379207,
    0.029972632033246342,
    0.0299728563890967,
    0.029971228367238496,
    0.029970320585707463,
    0.029970421193198826,
    0.029969608128120138,
    0.02996922237875613,
    0.029970445287621026,
    0.029969440303616098,
    0.029969438249467607,
    0.029969554954465752,
    0.02996886877972158,
    0.029968536129391692,
    0.029968973753709258,
    0.02996868769834366,
    0.02996892287061094,
    0.02996860145866568,
    0.02996721620867577,
    0.029968137300349428,
    0.029967514628113458,
    0.02996728685117696,
    0.029967183167965834,
    0.02996778483382602,
    0.02996639958757813,
    0.029966641473248196,
    0.029967076055083933,
    0.02996608423880477,
    0.029966148752978903,
    0.02996619480006754,
    0.02996585344800189,
    0.02996634221757925,
    0.029965602833741566,
    0.02996603032841282,
    0.02996560260878017,
    0.029966236781342123,
    0.02996544105612064,
    0.029965065141223657
  ],
  "best_loss": 0.029965065141223657,
  "indecaters": {
    "SMA": {
      "period": 33,
      "column": "open"
    },
    "VWAP": {},
    "ATR": {
      "period": 19
    },
    "CRV": {
      "period": 33,
      "trading_days": 362880
    }
  },
  "seq_len": 50,
  "pred_len": 20,
  "d_model": 256,
  "n_heads": 8,
  "emb_month_size": 8,
  "emb_weekday_size": 4,
  "lstm_hidden": 256,
  "num_layers": 2,
  "dropout": 0.4,
  "hyperparams": {
    "base_lr": 1e-05,
    "batch_size": 150,
    "weight_decay": 0.0001
  }
}