{
  "epochs_trained": 80,
  "loss_history": [
    0.030996511277455924,
    0.030962856320132102,
    0.030929715926765404,
    0.030896716745507008,
    0.03086364196355735,
    0.030830753097199574,
    0.030797385898691274,
    0.030763960552748017,
    0.030730024752905916,
    0.030695211281967654,
    0.030660399843534344,
    0.03062566775530215,
    0.03058992897744204,
    0.030553857393365164,
    0.030517772237296202,
    0.030482434285462327,
    0.030447105834475005,
    0.030413188507855352,
    0.030380382237441828,
    0.030350143208727757,
    0.030322885572853474,
    0.030298753586486652,
    0.030277392512604584,
    0.030259850721395525,
    0.03024440268558371,
    0.03023072675351007,
    0.03021823772940986,
    0.030207447354209025,
    0.03019844129376098,
    0.030189525434681463,
    0.030181252201095524,
    0.030173336906357307,
    0.03016581713097963,
    0.03015982979377693,
    0.030154543454744612,
    0.03014875432148953,
    0.030143416485388798,
    0.030139357694579694,
    0.030135346534752368,
    0.030130591798779114,
    0.03012762766382457,
    0.0301235016816762,
    0.030121353184597646,
    0.030118210894319174,
    0.030115980983372058,
    0.03011319385492727,
    0.030111227179690163,
    0.0301089667551731,
    0.03010778464428595,
    0.030105774399201837,
    0.030105276490224528,
    0.030103882648284584,
    0.030102843110806125,
    0.030102398276720427,
    0.03010095958032835,
    0.030099956713030413,
    0.0300992447343602,
    0.030098844145201198,
    0.030098056670952583,
    0.030097831977756073,
    0.030096832609376335,
    0.03009643621229917,
    0.030096041141000375,
    0.030096402224837886,
    0.03009556269178867,
    0.030095558472903867,
    0.030095054083096894,
    0.03009527156064248,
    0.030094638330075276,
    0.03009431148590533,
    0.03009413225587907,
    0.030094312862221837,
    0.03009332708407958,
    0.030094004313018428,
    0.03009348879464942,
    0.030093791546498976,
    0.030093866602088817,
    0.030093520451543773,
    0.030093870817259956,
    0.03009404160257367
  ],
  "best_loss": 0.03009332708407958,
  "indecaters": {
    "EMA": {
      "period": 24,
      "column": "close"
    },
    "RSI": {
      "period": 36
    },
    "OBV": {},
    "MFI": {
      "period": 10
    },
    "CRV": {
      "period": 5,
      "trading_days": 362880
    }
  },
  "seq_len": 50,
  "pred_len": 20,
  "d_model": 256,
  "n_heads": 8,
  "dropout": 0.4,
  "hyperparams": {
    "base_lr": 1e-05,
    "batch_size": 150,
    "weight_decay": 0.0001
  }
}