{
  "epochs_trained": 100,
  "loss_history": [
    0.030972836263985795,
    0.030937353408870227,
    0.030901967897483826,
    0.03086653187929793,
    0.030830465099469892,
    0.03079406855421724,
    0.030756711809735004,
    0.03071862936251274,
    0.03067990658044722,
    0.030640014693190103,
    0.030598621253159458,
    0.030556778256741975,
    0.03051413558998729,
    0.030471278718394137,
    0.030428756776832606,
    0.030386588767740946,
    0.03034710324137348,
    0.030310033653661774,
    0.030276857325703805,
    0.030248546747634244,
    0.030224603063560698,
    0.030206687253848813,
    0.030191165466335945,
    0.030179684478556897,
    0.030170206039514466,
    0.030162243256545745,
    0.030155873728016397,
    0.030150639634879305,
    0.03014526331679615,
    0.03014191395847423,
    0.03013769555145372,
    0.030135136071332756,
    0.030132795330673447,
    0.030130617723184316,
    0.030128633365937296,
    0.03012723310580406,
    0.030125112048531886,
    0.030124843568624483,
    0.03012371670078592,
    0.030122585954967987,
    0.030121827741249836,
    0.030121102319328446,
    0.030120387588227576,
    0.0301205284426882,
    0.030119718202227554,
    0.030119548728502123,
    0.03011954637725193,
    0.03011895468284678,
    0.030118826376358248,
    0.03011809262876204,
    0.030117884935749118,
    0.030117750914003455,
    0.030116814471093586,
    0.0301171315007951,
    0.030117484417923005,
    0.03011703170192254,
    0.03011622991688203,
    0.03011661292038248,
    0.030116758585922384,
    0.030116317392211205,
    0.030116013594108745,
    0.030116150249538995,
    0.030114736820013366,
    0.030115829909635263,
    0.030115112840856564,
    0.030115292030454488,
    0.030115761724349155,
    0.030114685917514882,
    0.030114816340322474,
    0.03011487279989544,
    0.030114683705219827,
    0.030114341508480802,
    0.030114320748583216,
    0.030113606170817722,
    0.03011488067945963,
    0.030114508250283594,
    0.030114254006653206,
    0.03011373606834258,
    0.03011360286756326,
    0.03011369270916917,
    0.030113465993036305,
    0.030113301877970344,
    0.030112687792237344,
    0.0301133404751835,
    0.030112475179243085,
    0.030112910764337125,
    0.030113008493262858,
    0.030112386054871893,
    0.030113215766502006,
    0.03011222428443152,
    0.03011251959415239,
    0.030112674835640202,
    0.03011245535955474,
    0.03011164616368127,
    0.03011182551647069,
    0.03011225325576987,
    0.03011224538557707,
    0.03011147834222937,
    0.03011186627055842,
    0.03011142772830516
  ],
  "best_loss": 0.03011142772830516,
  "indecaters": {
    "EMA": {
      "period": 26,
      "column": "max"
    },
    "VWAP": {},
    "RSI": {
      "period": 30
    },
    "MFI": {
      "period": 31
    },
    "CRV": {
      "period": 5,
      "trading_days": 362880
    }
  },
  "seq_len": 50,
  "pred_len": 20,
  "d_model": 256,
  "n_heads": 8,
  "emb_month_size": 8,
  "emb_weekday_size": 4,
  "lstm_hidden": 256,
  "num_layers": 2,
  "dropout": 0.4,
  "hyperparams": {
    "base_lr": 1e-05,
    "batch_size": 150,
    "weight_decay": 0.0001
  }
}