{
  "epochs_trained": 100,
  "loss_history": [
    0.030943723326026087,
    0.03091967100555306,
    0.030895456239139956,
    0.03087092986771543,
    0.03084653119409555,
    0.03082228409690096,
    0.030797734686271533,
    0.03077277490101232,
    0.030747279026668125,
    0.03072141482792958,
    0.030695514970769486,
    0.030669429117666656,
    0.030641802968539036,
    0.030614726647546744,
    0.030585823025096926,
    0.03055762661122635,
    0.030528298944741357,
    0.030498438081173064,
    0.030468032114706084,
    0.030438125197032238,
    0.030407952068765697,
    0.03037768892470028,
    0.03034770035474937,
    0.030318136645783263,
    0.030290612874536268,
    0.03026427817469659,
    0.03023845180276814,
    0.03021622848382481,
    0.030194968670573936,
    0.030176927683376625,
    0.03016178495079083,
    0.030147099643618915,
    0.030135485229262134,
    0.03012408637645932,
    0.030114266060889093,
    0.030104368609343575,
    0.030095044272878256,
    0.030088357161117817,
    0.03008125912818829,
    0.030073694748754955,
    0.030067482076201326,
    0.030061841269407683,
    0.03005576767354158,
    0.030050647160316114,
    0.030045692271373253,
    0.030040786249906217,
    0.03003695649789287,
    0.030032630802516155,
    0.03002911979504126,
    0.03002572586951908,
    0.030022880709280768,
    0.030019640477921553,
    0.030016290102350084,
    0.030013966336111097,
    0.03001067575124468,
    0.03000911271767364,
    0.030006686112794438,
    0.03000536212052235,
    0.030003470335801117,
    0.03000212958584981,
    0.030000766801133165,
    0.029999083343468475,
    0.02999819612984235,
    0.029998363807732076,
    0.02999716661441581,
    0.02999571107752752,
    0.02999547810881938,
    0.02999433498899044,
    0.029993717593198087,
    0.02999223464070574,
    0.02999222387657746,
    0.029992234211398714,
    0.02999153207076648,
    0.02999134946332656,
    0.02999104858159594,
    0.02999090981187724,
    0.029990410029871815,
    0.029990687413476082,
    0.029989676392972144,
    0.029989403693144324,
    0.02998953990233866,
    0.029988689569494964,
    0.02998851839465236,
    0.02998837633426056,
    0.029988572232041245,
    0.029987713752780108,
    0.02998853718837429,
    0.029988382483031928,
    0.029987865066964572,
    0.029988031511668834,
    0.029987340567739714,
    0.02998783038745291,
    0.029987422265357486,
    0.029986749083138677,
    0.029987230773386137,
    0.02998701453131313,
    0.029987799849671624,
    0.029986346293886176,
    0.029986334467927613,
    0.029987684798451434
  ],
  "best_loss": 0.029986334467927613,
  "indecaters": {
    "SMA": {
      "period": 11,
      "column": "close"
    },
    "EMA": {
      "period": 26,
      "column": "max"
    },
    "BOLLINGER": {
      "period": 28,
      "num_std": 86
    },
    "VWAP": {},
    "MACD": {
      "fast": 55,
      "slow": 58,
      "signal": 25
    },
    "OBV": {},
    "MFI": {
      "period": 33
    }
  },
  "seq_len": 50,
  "pred_len": 20,
  "d_model": 256,
  "n_heads": 8,
  "emb_month_size": 8,
  "emb_weekday_size": 4,
  "lstm_hidden": 256,
  "num_layers": 2,
  "dropout": 0.4,
  "hyperparams": {
    "base_lr": 1e-05,
    "batch_size": 150,
    "weight_decay": 0.0001
  }
}