{
  "epochs_trained": 100,
  "loss_history": [
    0.031380922685851784,
    0.0313588472587097,
    0.03133799574944853,
    0.03131576195630363,
    0.03129402999838907,
    0.03127232727762739,
    0.031249654188073725,
    0.031227219315297126,
    0.031204568083194075,
    0.031181334420709306,
    0.031157961664934935,
    0.031133905163944143,
    0.0311097487836368,
    0.031085413847837924,
    0.031059730985880038,
    0.03103386949600473,
    0.03100781432136611,
    0.030981066586290653,
    0.030953447855687113,
    0.03092559835455393,
    0.03089705985701829,
    0.03086812969485354,
    0.03083902447128185,
    0.030808882548570653,
    0.030778369509443845,
    0.03074711025220516,
    0.030716205248531806,
    0.030684404011386182,
    0.030652054048822087,
    0.030620528946808008,
    0.030588685799217988,
    0.030557239909763747,
    0.030526632488259212,
    0.0304964721972298,
    0.03046809263086648,
    0.030440136796156307,
    0.03041358017998702,
    0.030389246000636253,
    0.030366397004087983,
    0.030345662185924122,
    0.030326689436571193,
    0.0303104567493477,
    0.030295371597316444,
    0.03028206349882564,
    0.03026930440833805,
    0.03025783500245696,
    0.030246868520980064,
    0.030235115054594933,
    0.03022723361799025,
    0.030217535014119744,
    0.030209760766893617,
    0.030199203157073817,
    0.030192411447116586,
    0.030184021626000847,
    0.030177488232860337,
    0.03017049972382682,
    0.030163704318601988,
    0.0301581989659938,
    0.030152449102056465,
    0.03014586656300203,
    0.030139483020561363,
    0.030133739997155844,
    0.030129572854805386,
    0.030125266119612436,
    0.03012005499746414,
    0.03011441940857093,
    0.03011115947066648,
    0.030106305616114496,
    0.0301025578323176,
    0.03010036830130151,
    0.03009651636567998,
    0.030092375999240435,
    0.030089609741535683,
    0.03008601852268941,
    0.030082955020803298,
    0.0300809939027615,
    0.030077210379576873,
    0.030075801802311935,
    0.030073412548875682,
    0.030072760034071503,
    0.030069547462694645,
    0.030068778550520356,
    0.030066291137727522,
    0.03006569039907298,
    0.030061461097053533,
    0.030061754392786216,
    0.030061365588979493,
    0.0300599758480154,
    0.030058334257185022,
    0.030056474905865917,
    0.03005601210354392,
    0.030056633236584335,
    0.0300541822029412,
    0.030054166998148422,
    0.03005435148327701,
    0.03005308285510324,
    0.03005118565506993,
    0.030051493442169494,
    0.030051898799004665,
    0.03005013955325562
  ],
  "best_loss": 0.03005013955325562,
  "indecaters": {
    "SMA": {
      "period": 6,
      "column": "min"
    },
    "BOLLINGER": {
      "period": 36,
      "num_std": 5
    },
    "RSI": {
      "period": 5
    },
    "STOCHASTIC_OSCILLATOR": {
      "period": 24,
      "smoothing": 33
    },
    "OBV": {},
    "MFI": {
      "period": 9
    },
    "CRV": {
      "period": 35,
      "trading_days": 362880
    }
  },
  "seq_len": 50,
  "pred_len": 20,
  "d_model": 256,
  "n_heads": 8,
  "emb_month_size": 8,
  "emb_weekday_size": 4,
  "lstm_hidden": 256,
  "num_layers": 2,
  "dropout": 0.4,
  "hyperparams": {
    "base_lr": 1e-05,
    "batch_size": 150,
    "weight_decay": 0.0001
  }
}