{
  "epochs_trained": 100,
  "loss_history": [
    0.03067241073887712,
    0.03066488004150253,
    0.03065742364151072,
    0.030650011026843487,
    0.030643357345735648,
    0.030635774192631735,
    0.030628328289490005,
    0.030621005240301254,
    0.030614108150524337,
    0.03060686279327397,
    0.03059958131902701,
    0.030592406052301853,
    0.030584856460816517,
    0.030578048968330045,
    0.03057077438850285,
    0.030563444722426267,
    0.030556291775630944,
    0.030549168905399045,
    0.030541445213634392,
    0.030534967850867407,
    0.03052750356480023,
    0.03052027008273541,
    0.03051294812886538,
    0.030505876928387986,
    0.03049822687034279,
    0.030491066724720146,
    0.030483934318030294,
    0.030475863492504657,
    0.03046825944058799,
    0.030461311845484028,
    0.030453604141972054,
    0.030446119096406567,
    0.03043919279721639,
    0.03043157454016229,
    0.030423911057469666,
    0.030416828398653104,
    0.030409205858502427,
    0.030401833162361096,
    0.0303938539668005,
    0.030386505360540675,
    0.03037886850884704,
    0.030371414947250003,
    0.030364225449608758,
    0.030356160847709302,
    0.030348893733271723,
    0.030341789341949636,
    0.03033466770251153,
    0.030327230413280892,
    0.03031955482120087,
    0.03031281090107855,
    0.03030513281724443,
    0.030297871991702398,
    0.030290536510070305,
    0.03028463726277486,
    0.030277770219943337,
    0.03027108685717917,
    0.03026437830482692,
    0.030258684244678213,
    0.03025178643693825,
    0.03024614655036475,
    0.030240397756640634,
    0.03023433784248902,
    0.030228366969467017,
    0.030223187403610796,
    0.030217830413125358,
    0.030212851091495355,
    0.030208466855920983,
    0.030203673657846007,
    0.030199635210057592,
    0.03019643390443707,
    0.030192166184556744,
    0.030188311296718104,
    0.0301851735585254,
    0.030183483986348545,
    0.03017870939278578,
    0.030177066468461487,
    0.030172969364353815,
    0.03017099067410816,
    0.0301680742023629,
    0.03016686779408506,
    0.030164222709628347,
    0.03016248277198738,
    0.03015973413521062,
    0.030158498965629384,
    0.030157877904010852,
    0.030155373472847632,
    0.030154178921655436,
    0.03015185187288831,
    0.030151491964431162,
    0.030149714410243594,
    0.03015032941552298,
    0.03014825160743491,
    0.030146701206552967,
    0.030144976435538526,
    0.03014406874979922,
    0.030144201132531405,
    0.030144355730433347,
    0.030141893040401987,
    0.030140923498498957,
    0.030139672432810034
  ],
  "best_loss": 0.030139672432810034,
  "indecaters": {
    "VWAP": {},
    "RSI": {
      "period": 11
    },
    "STOCHASTIC_OSCILLATOR": {
      "period": 40,
      "smoothing": 41
    },
    "CRV": {
      "period": 19,
      "trading_days": 362880
    }
  },
  "seq_len": 50,
  "pred_len": 20,
  "d_model": 256,
  "n_heads": 8,
  "dropout": 0.4,
  "hyperparams": {
    "base_lr": 1e-05,
    "batch_size": 150,
    "weight_decay": 0.0001
  }
}