{
  "epochs_trained": 100,
  "loss_history": [
    0.031450504186149274,
    0.03142628474443248,
    0.031402240320099424,
    0.0313785092056155,
    0.031354538015692,
    0.031330944009294565,
    0.03130638048527856,
    0.03128221435707552,
    0.0312573451304225,
    0.031232412351116613,
    0.031207329657098107,
    0.031181721061684493,
    0.031155310029333288,
    0.03112871419765394,
    0.03110127169827018,
    0.03107358972433804,
    0.03104517028662329,
    0.031016108591457585,
    0.03098593774990113,
    0.030955079027141133,
    0.030923275799593992,
    0.030890369268529342,
    0.030856904307041657,
    0.030822798134664996,
    0.03078720865093849,
    0.030750912632981336,
    0.030713827634757065,
    0.030674898336321643,
    0.030636324762423155,
    0.030597274222486474,
    0.030557772062831758,
    0.03051811070722349,
    0.030478991102427244,
    0.030439703739389326,
    0.03040209737173611,
    0.03036633469211408,
    0.03033148434996191,
    0.030299743035140287,
    0.03027093116137566,
    0.030244372298498873,
    0.030222440617055528,
    0.030202301164308207,
    0.03018444340812475,
    0.030168509785546874,
    0.030153216442770577,
    0.03014076526601319,
    0.030129209177032337,
    0.030117612076697477,
    0.030107582648134217,
    0.030098398922321697,
    0.030089577587998725,
    0.030080596231055832,
    0.03007333162522903,
    0.030065846862036245,
    0.03005912837365435,
    0.03005228051939283,
    0.030046473555455002,
    0.030041461007791863,
    0.030035330810951014,
    0.03003060985826934,
    0.030026791350107,
    0.030020898657220633,
    0.030018854157698123,
    0.030015112904624806,
    0.030011730825039322,
    0.030009239568196313,
    0.030004069151714295,
    0.030003372505495344,
    0.030000490949235178,
    0.029997391608364954,
    0.029996612367003857,
    0.029994366751663913,
    0.02999193852466315,
    0.029990659461526032,
    0.029988486583184714,
    0.02998726117410556,
    0.029986281575155302,
    0.029985911762953333,
    0.029984336787590174,
    0.029984664362196746,
    0.02998346878436742,
    0.02997989461832501,
    0.02998119008708557,
    0.029980548427703632,
    0.02997924222874295,
    0.02997910274296171,
    0.02997929621770075,
    0.029978982104938667,
    0.02997733758894181,
    0.029977282421484664,
    0.029978101510046557,
    0.02997694750800917,
    0.02997572268735655,
    0.029976285366821245,
    0.029974702950755154,
    0.02997521312761525,
    0.02997500511389602,
    0.029974944802998293,
    0.029974929748968496,
    0.029973533728649145
  ],
  "best_loss": 0.029973533728649145,
  "indecaters": {
    "ATR": {
      "period": 39
    },
    "OBV": {},
    "MFI": {
      "period": 22
    }
  },
  "seq_len": 50,
  "pred_len": 20,
  "d_model": 256,
  "n_heads": 8,
  "dropout": 0.4,
  "hyperparams": {
    "base_lr": 1e-05,
    "batch_size": 150,
    "weight_decay": 0.0001
  }
}