{
  "epochs_trained": 100,
  "loss_history": [
    22.286588343712292,
    22.27382571601169,
    22.260502202519568,
    22.247337181081992,
    22.233715175214122,
    22.21986058459905,
    22.205686739221743,
    22.191396411434635,
    22.17655168144403,
    22.161787303230557,
    22.14603922078898,
    22.13032317621513,
    22.113849680415004,
    22.09704756917243,
    22.079811237787005,
    22.06198155562665,
    22.043718502431272,
    22.024717104565966,
    22.00523836324503,
    21.98515145717523,
    21.96454402984135,
    21.942730607625474,
    21.920533886584607,
    21.897573049077184,
    21.87356905255999,
    21.84893068958697,
    21.8231873280545,
    21.79622534634284,
    21.76806164323483,
    21.738326519603984,
    21.707383655366442,
    21.675523980109247,
    21.64080247890673,
    21.60485058366452,
    21.566444949381808,
    21.525903249980473,
    21.482046499939337,
    21.4351741520622,
    21.384810317042984,
    21.330667789631566,
    21.271738125960614,
    21.208340281764812,
    21.13926103473146,
    21.06479227254679,
    20.983609028351612,
    20.895104087578073,
    20.798345533191647,
    20.693048103155526,
    20.577628644540344,
    20.450823930360748,
    20.311047449449624,
    20.15842726664374,
    19.990017735128436,
    19.805677542028555,
    19.60064206990858,
    19.376389086843265,
    19.12799399193099,
    18.853417899349523,
    18.552808856149007,
    18.22215817257016,
    17.856858327770116,
    17.45728474897634,
    17.020022689670288,
    16.54499302702218,
    16.036027391780717,
    15.482299151903835,
    14.898114051632538,
    14.287022923433446,
    13.640939512939825,
    12.972059240096655,
    12.29400889544551,
    11.608314348111367,
    10.92505769135751,
    10.255415190998306,
    9.602061286222948,
    8.975148672236628,
    8.383816057887561,
    7.822740642724602,
    7.301381589495946,
    6.822654339973161,
    6.378996358715425,
    5.981697962135622,
    5.619393085822081,
    5.290633669062557,
    4.994822673716097,
    4.728464230338296,
    4.4855690306359595,
    4.273410432242649,
    4.085635927337721,
    3.915023677951687,
    3.760693743522933,
    3.6268549039395883,
    3.503995631815313,
    3.3957686417559856,
    3.29655919316633,
    3.209356977476742,
    3.13182872884585,
    3.059407463091197,
    2.996789748502738,
    2.939986798294589
  ],
  "best_loss": 2.939986798294589,
  "indecaters": {
    "SMA": {
      "period": 7,
      "column": "open"
    },
    "EMA": {
      "period": 19,
      "column": "open"
    },
    "ATR": {
      "period": 26
    },
    "MACD": {
      "fast": 34,
      "slow": 7,
      "signal": 73
    }
  },
  "seq_len": 60,
  "pred_len": 10,
  "hidden_size": 128,
  "num_layers": 4,
  "output_size": 3,
  "dropout": 0.5,
  "hyperparams": {
    "base_lr": 1e-05,
    "batch_size": 150,
    "weight_decay": 0.0001
  }
}