{
  "epochs_trained": 100,
  "loss_history": [
    0.031456166617118,
    0.031445819237155885,
    0.03144430997213576,
    0.0314434311329955,
    0.031442914566979174,
    0.031441727675860974,
    0.031440881955460076,
    0.03143921926072458,
    0.031438151238168156,
    0.03143855010545472,
    0.03143493622177985,
    0.03143633339872084,
    0.031433396870497524,
    0.03143232449798322,
    0.031432577124910384,
    0.031431729621367484,
    0.031429218968785394,
    0.03142942936818411,
    0.03142715798600054,
    0.0314269093569459,
    0.03142516879455709,
    0.031423470471054316,
    0.031424113208564315,
    0.03142261184842848,
    0.03142070632836804,
    0.031420179631379316,
    0.03141845789987866,
    0.031418011421564876,
    0.03141669222585312,
    0.031415978230808564,
    0.03141575312332773,
    0.031413308174417516,
    0.03141183002920049,
    0.031412489382868135,
    0.031411764109734355,
    0.031409951721931374,
    0.03140740412310129,
    0.03140657379223806,
    0.03140672730145658,
    0.03140416137147241,
    0.031402850410015115,
    0.031402456937584936,
    0.03140178277361684,
    0.031402093653635284,
    0.03139973792997075,
    0.03139758407615307,
    0.03139778323153534,
    0.031396018897705685,
    0.031396185831598394,
    0.03139375141117631,
    0.031393261717223536,
    0.03139109815266437,
    0.03139075074662886,
    0.03138838312020752,
    0.03138752266900932,
    0.0313853319370892,
    0.03138746816392352,
    0.03138556951520646,
    0.03138405990945857,
    0.03138385566587492,
    0.03138299644129669,
    0.03138285666340735,
    0.03137896819857926,
    0.03137894716431818,
    0.03137875237025139,
    0.03137455664847682,
    0.03137476793376774,
    0.03137527082524285,
    0.03137203748905804,
    0.03137187036208627,
    0.03137053511809648,
    0.031369550596559194,
    0.03136746493372612,
    0.03136800734962269,
    0.03136634576793124,
    0.031366825944221605,
    0.03136494131077353,
    0.03136344953644567,
    0.03136193932874537,
    0.031362221485412706,
    0.03136030373322528,
    0.03136043775281528,
    0.03135728742927313,
    0.03135620329029313,
    0.031355708349132684,
    0.03135461387474362,
    0.03135337882743376,
    0.031352651509933355,
    0.03135223310758791,
    0.03135117939559788,
    0.0313494816854051,
    0.031348382508972795,
    0.03134837285501928,
    0.03134530098972524,
    0.031345647055564856,
    0.0313438560881811,
    0.031343969561886495,
    0.031341365493107134,
    0.03134157926571078,
    0.03133949958832889
  ],
  "best_loss": 0.03133949958832889,
  "indecaters": {
    "EMA": {
      "period": 40,
      "column": "min"
    },
    "BOLLINGER": {
      "period": 14,
      "num_std": 17
    },
    "RSI": {
      "period": 22
    },
    "ATR": {
      "period": 7
    },
    "STOCHASTIC_OSCILLATOR": {
      "period": 27,
      "smoothing": 82
    },
    "OBV": {}
  },
  "seq_len": 50,
  "pred_len": 20,
  "d_model": 256,
  "n_heads": 8,
  "emb_month_size": 8,
  "emb_weekday_size": 4,
  "lstm_hidden": 256,
  "num_layers": 2,
  "dropout": 0.4,
  "hyperparams": {
    "base_lr": 1e-05,
    "batch_size": 150,
    "weight_decay": 0.0001
  }
}