{
  "epochs_trained": 100,
  "loss_history": [
    0.030965911201411622,
    0.030931914929265183,
    0.030899238138942426,
    0.030865395806935078,
    0.030830830562248238,
    0.030795920294137857,
    0.03076038803775006,
    0.030724156943985878,
    0.030686643787339058,
    0.030649242586059257,
    0.030611727683425197,
    0.030573596860665735,
    0.030535555362932575,
    0.030498186250340818,
    0.030461527342263556,
    0.030426173715011877,
    0.030393341111554457,
    0.030362056716621046,
    0.03033371858167673,
    0.030309691981410963,
    0.03028851105678679,
    0.030270586830062927,
    0.030256697492948712,
    0.030243677667183205,
    0.030234053184979768,
    0.03022480032183135,
    0.030216911927117437,
    0.03020920167377589,
    0.030203062681725772,
    0.030197122008338118,
    0.03019147867030238,
    0.03018507258188127,
    0.030181048707279667,
    0.030176908029430953,
    0.030172526646421848,
    0.030168673361048472,
    0.0301648619899349,
    0.030162671025653533,
    0.030158543613598935,
    0.030154967258362395,
    0.030153069635462874,
    0.030149850137850896,
    0.030147936251199915,
    0.0301458655372883,
    0.030143959551245755,
    0.030142282059450246,
    0.030140132550128592,
    0.030138886604621114,
    0.03013718925402669,
    0.030135995134819946,
    0.030133992178453136,
    0.030133146187581655,
    0.030131887692400057,
    0.03013026293321433,
    0.03012980763701466,
    0.03012972304407308,
    0.030129418559165417,
    0.03012758819979356,
    0.03012693631496176,
    0.030126655445841484,
    0.030125334586117533,
    0.030125406179141532,
    0.03012532131299187,
    0.030123117242269796,
    0.030124336821795834,
    0.030122355789568903,
    0.03012206843612329,
    0.030122356753236552,
    0.030122473313679957,
    0.030121359187082357,
    0.030121836465858674,
    0.03012125640909176,
    0.03012011786799901,
    0.03011919433972534,
    0.030118940041007392,
    0.030119045167681824,
    0.03011932343043582,
    0.030119274494922403,
    0.03011861098225117,
    0.030117705974984043,
    0.03011823276566304,
    0.030117707612938725,
    0.030117307770647958,
    0.030117257264888887,
    0.030117128795850785,
    0.030117124602203775,
    0.03011689469469252,
    0.030115832685501342,
    0.03011565713885103,
    0.030115994671154805,
    0.03011606505145406,
    0.030114993666718957,
    0.03011456534545071,
    0.030114219731621705,
    0.03011507472995014,
    0.030113851591387495,
    0.030113393561166314,
    0.030114692675942113,
    0.03011359830183594,
    0.03011378370014971
  ],
  "best_loss": 0.030113393561166314,
  "indecaters": {
    "MACD": {
      "fast": 56,
      "slow": 97,
      "signal": 5
    },
    "STOCHASTIC_OSCILLATOR": {
      "period": 13,
      "smoothing": 4
    },
    "CRV": {
      "period": 31,
      "trading_days": 362880
    }
  },
  "seq_len": 50,
  "pred_len": 20,
  "d_model": 256,
  "n_heads": 8,
  "emb_month_size": 8,
  "emb_weekday_size": 4,
  "lstm_hidden": 256,
  "num_layers": 2,
  "dropout": 0.4,
  "hyperparams": {
    "base_lr": 1e-05,
    "batch_size": 150,
    "weight_decay": 0.0001
  }
}